書名,著者名,発売日,カテゴリー名,画像URL
最強の高配当投資,"
上岡正明(著者)
", 2023年12月24日（日）,投資・資産運用,https://www.sbcr.jp/wp-content/uploads/2023/09/9784815623395-2-420x596.jpg
プロ投資家の先を読む思考法,"
渡部清二(著者)
", 2023年12月7日（木）,投資・資産運用,https://www.sbcr.jp/wp-content/uploads/2023/09/9784815622381-1-386x596.jpg
PayPayではじまる最高に便利でおトクな生活［PayPay公式ガイドブック］,"
坂井きょうこ（スマっ子）(著者)
", 2023年9月29日（金）,投資・資産運用,https://www.sbcr.jp/wp-content/uploads/2023/07/9784815619985-2-416x596.jpg
マンガでわかる　まずはアパート一棟、買いなさい！,"
石原博光(著者)
", 2023年9月1日（金）,投資・資産運用,https://www.sbcr.jp/wp-content/uploads/2023/06/9784815622480-2-408x596.jpg
【2024年新制度対応版】NISA＆iDeCo完全ガイド,"
篠田尚子(著者)
", 2023年4月27日（木）,投資・資産運用,https://www.sbcr.jp/wp-content/uploads/2023/03/9784815619497-407x596.jpg
アメリカの高校生が学んでいる投資の教科書,"
ティモシー・オルセン(著者)
桜田直美(訳)
", 2023年2月8日（水）,ビジネス/自己啓発・投資・資産運用,https://www.sbcr.jp/wp-content/uploads/2022/11/9784815616038-1-406x596.jpg
ほったらかし投資FIRE,"
ゆうパパ(著者)
", 2023年2月2日（木）,投資・資産運用,https://www.sbcr.jp/wp-content/uploads/2022/11/9784815618162-2-405x596.jpg
会社四季報の達人が全力で選んだ 10倍・100倍になる！　超優良株ベスト30,"
渡部清二(著者)
", 2022年12月6日（火）,政治/社会・投資・資産運用・SB新書,https://www.sbcr.jp/wp-content/uploads/2022/09/9784815617721-2-382x596.jpg
東大卒億り人が考案したロジカル株式投資　市場平均を超えるリターンを手に入れる超合理的な方法,"
東大ぱふぇっと(著者)
", 2022年9月27日（火）,投資・資産運用,https://www.sbcr.jp/wp-content/uploads/2022/07/9784815616076-2-420x596.jpg
父と母がわが子に贈るお金の話　人生でもっとも大切な貯める力、増やす力,"
ディリン・レドリング/アリソン・トム(著者)
", 2022年9月14日（水）,投資・資産運用,https://www.sbcr.jp/wp-content/uploads/2022/06/9784815616106--408x596.jpg
株チャート最強の教科書,"
山下 勁(著者)
", 2022年6月17日（金）,投資・資産運用,https://www.sbcr.jp/wp-content/uploads/2022/01/9784815615475-1-418x596.jpg
世界一楽しい！会社四季報の読み方,"
藤川里絵(著者)
", 2022年4月2日（土）,投資・資産運用,https://www.sbcr.jp/wp-content/uploads/2021/12/9784815612061-1-419x596.jpg
会社四季報の達人が教える 誰も知らない超優良企業,"
渡部 清二(著者)
", 2022年3月5日（土）,投資・資産運用・SB新書,https://www.sbcr.jp/wp-content/uploads/2021/09/9784815612191-383x596.jpg
米国株チャート最強の教科書,"
鎌田 傳(著者)
", 2022年2月23日（水）,投資・資産運用,https://www.sbcr.jp/wp-content/uploads/2021/11/9784815612603-1-419x596.jpg
あなたの人生に最適なお金の増やし方が見つかる　投資図鑑,"
内藤忍(著者)
", 2022年1月22日（土）,投資・資産運用,https://www.sbcr.jp/wp-content/uploads/2021/10/9784815613501-1-416x596.jpg
自由に生きるための 地味な投資で2000万円,"
大西真人(著者)
", 2022年1月6日（木）,投資・資産運用,https://www.sbcr.jp/wp-content/uploads/2021/10/9784815612870-2-406x596.jpg
東大生が学んでいる一生役立つ「株」の教科書,"
伊藤潤一(著者)
", 2021年10月20日（水）,一般書籍・投資・資産運用,https://www.sbcr.jp/wp-content/uploads/2021/06/9784815610838-2-405x596.jpg
［最新版］まずはアパート一棟、買いなさい！,"
石原博光(著者)
", 2021年9月25日（土）,一般書籍・投資・資産運用,https://www.sbcr.jp/wp-content/uploads/2021/06/9784815611477-1-406x596.jpg
超・臆病者のための株の教科書,"
草食系投資家LoK(著者)
", 2021年9月23日（木）,一般書籍・投資・資産運用,https://www.sbcr.jp/wp-content/uploads/2021/05/9784815610289-3-420x596.jpg
38年連戦連勝　伝説の株職人が教える　究極の神チャート術,"
相場 師朗(著者)
", 2021年3月20日（土）,一般書籍・投資・資産運用,https://www.sbcr.jp/wp-content/uploads/2020/12/9784815609917-1-396x596.jpg
年収200万円の私でも心おだやかに毎日暮らせるお金の貯め方を教えてください！,"
坂本 綾子(著者)
", 2021年2月18日（木）,一般書籍・投資・資産運用,https://www.sbcr.jp/wp-content/uploads/2020/11/9784815609146-407x596.jpg
これからのお金の教科書,"
田端信太郎(著者)
", 2020年10月22日（木）,一般書籍・ビジネス/自己啓発・投資・資産運用,https://www.sbcr.jp/wp-content/uploads/product/4815607234-1-406x596.jpg
長期×短期　最強の組み合わせ投資,"
山下 勁／福井元明(著者)
小林昌裕（副業アカデミー）(監修)
", 2020年9月19日（土）,一般書籍・投資・資産運用,https://www.sbcr.jp/wp-content/uploads/product/4815606190-1-402x596.jpg
37年連戦連勝　伝説の株職人が教える　株の技術大全,"
相場師朗(著者)
", 2020年3月20日（金）,一般書籍・投資・資産運用,https://www.sbcr.jp/wp-content/uploads/product/4815604912-1-421x596.jpg
アメリカの高校生が学んでいるお金の教科書,"
アンドリュー・O・スミス(著者)
桜田 直美(訳)
", 2019年11月20日（水）,一般書籍・投資・資産運用,https://www.sbcr.jp/wp-content/uploads/2019/08/9784815602918-5-407x596.jpg
資本主義ハック,"
冨田和成(著者)
", 2019年9月19日（木）,一般書籍・ビジネス/自己啓発・投資・資産運用,https://www.sbcr.jp/wp-content/uploads/product/4815601850-412x596.jpg
3000万円大損したボクが月300万円稼げるようになった　世界一シンプルなFX,"
野田しょうご(著者)
小林昌裕（副業アカデミー代表）(監修)
", 2019年8月22日（木）,一般書籍・投資・資産運用,https://www.sbcr.jp/wp-content/uploads/product/4815601751-4-422x596.jpg
20年勝ち続ける伝説のトレーダーに10倍大化け株の見つけ方をこっそり教わってきました。,"
坂本慎太郎(著者)
村山宇希(イラスト)
", 2019年6月19日（水）,投資・資産運用,https://www.sbcr.jp/wp-content/uploads/product/4815602512-420x596.jpg
【最新版】本当にお金が増える投資信託は、この10本です。,"
篠田 尚子(著者)
", 2019年6月5日（水）,一般書籍・投資・資産運用,https://www.sbcr.jp/wp-content/uploads/product/4815601737-399x596.jpg
36年連戦連勝　伝説の株職人が教える！株チャート図鑑,"
相場 師朗(著者)
伊藤美樹(イラスト)
", 2019年4月20日（土）,一般書籍・投資・資産運用,https://www.sbcr.jp/wp-content/uploads/product/4797398397-420x596.jpg
このまま会社にいるしかないの？ と思っている人に死ぬまで食いっぱぐれない方法をシェアしちゃうよ。,"
副業アカデミー(著者)
小林 昌裕（副業アカデミー代表）(監修)
", 2019年1月22日（火）,一般書籍・投資・資産運用,https://www.sbcr.jp/wp-content/uploads/product/4797396737-406x596.jpg
これから仮想通貨の大躍進が始まる！,"
北尾 吉孝(著者)
", 2018年11月7日（水）,一般書籍・投資・資産運用,https://www.sbcr.jp/wp-content/uploads/product/4797397130-405x596.jpg
伝説のトレーダーに50万円を１億円にする方法をこっそり教わってきました。,"
坂本慎太郎(著者)
村山宇希(イラスト)
", 2018年9月21日（金）,一般書籍・投資・資産運用,https://www.sbcr.jp/wp-content/uploads/product/4797398533-405x596.jpg
見習いカメラマンのけいくんが年収1億円を稼ぐ 月3分投資,"
山下 勁(著者)
副業アカデミー(監修)
", 2018年6月21日（木）,一般書籍・投資・資産運用,https://www.sbcr.jp/wp-content/uploads/product/4797396102-416x596.jpg
35年連戦連勝 伝説の株職人が教える！１億円株塾,"
相場 師朗(著者)
日野自由気(イラスト)
", 2018年4月20日（金）,一般書籍・投資・資産運用,https://www.sbcr.jp/wp-content/uploads/product/4797396003-420x596.jpg
世界一やさしい 株入門,"
岩本 秀雄(著者)
", 2018年4月18日（水）,一般書籍・投資・資産運用,https://www.sbcr.jp/wp-content/uploads/product/4797396010-420x596.jpg
絶対に損をしたくない人のための仮想通貨投資入門,"
内藤 忍(著者)
", 2018年4月14日（土）,一般書籍・投資・資産運用,https://www.sbcr.jp/wp-content/uploads/product/4797396300-406x596.jpg
株はたった１つの「鉄板銘柄」で１億稼ぐ！,"
上岡 正明(著者)
", 2018年2月21日（水）,一般書籍・投資・資産運用,https://www.sbcr.jp/wp-content/uploads/product/4797395358-405x596.jpg
新しい！お金の増やし方の教科書,"
篠田 尚子(著者)
", 2018年1月20日（土）,一般書籍・投資・資産運用・趣味/実用,https://www.sbcr.jp/wp-content/uploads/product/4797395419-1-406x596.jpg
初めての人のための99％成功する不動産投資,"
内藤 忍(著者)
", 2017年12月20日（水）,一般書籍・投資・資産運用,https://www.sbcr.jp/wp-content/uploads/product/4797394283-406x596.jpg
中原さん、経済オンチの私に日本の未来を教えてください,"
中原 圭介(著者)
", 2017年11月22日（水）,一般書籍・投資・資産運用,https://www.sbcr.jp/wp-content/uploads/product/4797394597-2-409x596.jpg
ロボアドバイザー投資1年目の教科書,"
松岡 賢治(著者)
", 2017年11月18日（土）,一般書籍・投資・資産運用,https://www.sbcr.jp/wp-content/uploads/product/4797394559-2-405x596.jpg
中華屋アルバイトのけいくんが年収1億円を稼ぐ1日1分投資,"
山下 勁(著者)
小林昌裕（副業アカデミー代表）(監修)
", 2017年8月19日（土）,一般書籍・投資・資産運用,https://www.sbcr.jp/wp-content/uploads/product/4797393057-1-410x596.jpg
1000円投資習慣,"
内藤 忍(著者)
井上新八(イラスト)
", 2017年7月29日（土）,一般書籍・投資・資産運用,https://www.sbcr.jp/wp-content/uploads/product/4797380705-1-405x596.jpg
難しいことは嫌いでズボラでも株で儲け続けるたった１つの方法,"
藤本 誠之(著者)
", 2017年5月31日（水）,一般書籍・投資・資産運用,https://www.sbcr.jp/wp-content/uploads/product/4797391725-1-406x596.jpg
感じる経済学,"
加谷 珪一(著者)
", 2017年4月26日（水）,一般書籍・投資・資産運用,https://www.sbcr.jp/wp-content/uploads/product/4797390391-1-406x596.jpg
本当にお金が増える投資信託は、この10本です。,"
篠田 尚子(著者)
", 2017年4月15日（土）,一般書籍・投資・資産運用,https://www.sbcr.jp/wp-content/uploads/product/4797391459-1-406x596.jpg
[新版]まずはアパート一棟、買いなさい！,"
石原 博光(著者)
森優子(イラスト)
", 2016年2月27日（土）,一般書籍・投資・資産運用,https://www.sbcr.jp/wp-content/uploads/product/4797386394-2-406x596.jpg
投資バカの思考法,"
藤野 英人(著者)
", 2015年9月11日（金）,一般書籍・ビジネス/自己啓発・投資・資産運用,https://www.sbcr.jp/wp-content/uploads/product/4797380989-406x596.jpg
黄金の扉を開く 賢者の海外FX投資術,"
榊原卓丸(著者)
", 2014年7月5日（土）,一般書籍・投資・資産運用,https://www.sbcr.jp/wp-content/uploads/product/4797376302-419x596.jpg
300万円を2年で3億円にしたサラリーマンのドキドキ不動産投資録 トラブル＆お悩み解決編,"
御井屋蒼大(著者)
", 2014年5月24日（土）,一般書籍・投資・資産運用,https://www.sbcr.jp/wp-content/uploads/product/4797377316-405x596.jpg
300万円を2年で3億円にしたサラリーマンのドキドキ不動産投資録,"
御井屋蒼大(著者)
", 2013年11月29日（金）,一般書籍・投資・資産運用,https://www.sbcr.jp/wp-content/uploads/product/4797375169-409x596.jpg
冒険投資家ジム・ロジャーズのストリート・スマート 〜市場の英知で時代を読み解く〜,"
ジム・ロジャーズ(著者)
神田由布子(訳)
", 2013年5月22日（水）,一般書籍・ビジネス/自己啓発・投資・資産運用,https://www.sbcr.jp/wp-content/uploads/product/4797372397-405x596.jpg
もう会社に頼らない！プラス300万円を”気楽”に稼ぐ不動産投資術,"
雨宮憲之(著者)
", 2013年3月20日（水）,一般書籍・投資・資産運用,https://www.sbcr.jp/wp-content/uploads/product/4797371017-409x596.jpg
1分間バフェット,"
桑原晃弥(著者)
", 2012年12月26日（水）,一般書籍・投資・資産運用,https://www.sbcr.jp/wp-content/uploads/product/4797370744-396x596.jpg
定年までに資産1億円をつくる　ロスジェネ世代家族持ちへの新マネー戦略,"
北川邦弘(著者)
", 2012年12月21日（金）,一般書籍・投資・資産運用,https://www.sbcr.jp/wp-content/uploads/product/4797370140-386x596.jpg
家賃は下げるな！,"
中島克己(著者)
", 2012年9月28日（金）,一般書籍・投資・資産運用,https://www.sbcr.jp/wp-content/uploads/product/4797370164-403x596.jpg
年収300万円でも、死ぬまでお金に困らない！,"
清水 学(著者)
", 2012年5月19日（土）,一般書籍・投資・資産運用,https://www.sbcr.jp/wp-content/uploads/product/4797368772-406x596.jpg
たった4年！学生大家から純資産6億円を築いた私の投資法,"
石渡浩(著者)
", 2012年4月19日（木）,一般書籍・投資・資産運用,https://www.sbcr.jp/wp-content/uploads/product/4797368239-406x596.jpg
たった18日で次の入居者が決まる！満室革命プログラム,"
尾嶋健信(著者)
", 2012年3月23日（金）,一般書籍・投資・資産運用,https://www.sbcr.jp/wp-content/uploads/product/4797369168-407x596.jpg
週1時間で月収5倍の家賃収入！「片手間」投資,"
サイコ大家(著者)
", 2012年2月1日（水）,一般書籍・投資・資産運用,https://www.sbcr.jp/wp-content/uploads/product/4797368284-406x596.jpg
資金300万円でも、アパート一棟、買えました！,"
石原博光(著者)
", 2011年9月1日（木）,一般書籍・投資・資産運用,https://www.sbcr.jp/wp-content/uploads/product/4797365993-406x596.jpg
今どき株で儲けるサラリーマンの週30分ルーティン投資術,"
柿田文和(著者)
", 2011年3月23日（水）,一般書籍・投資・資産運用,https://www.sbcr.jp/wp-content/uploads/product/4797364316-407x596.jpg
愚直でまっとうな不動産投資の本,"
長谷川 高(著者)
", 2010年10月30日（土）,一般書籍・投資・資産運用,https://www.sbcr.jp/wp-content/uploads/product/4797360332-404x596.jpg
どうせなら入居率が悪い物件を買いなさい！,"
中島 克己(著者)
", 2010年9月13日（月）,一般書籍・投資・資産運用,https://www.sbcr.jp/wp-content/uploads/product/4797359886-405x596.jpg
満室大家さん12人の極意を盗め！不況に強い「不動産経営」50の戦略,"
石原 博光(著者)
", 2009年7月27日（月）,一般書籍・投資・資産運用,https://www.sbcr.jp/wp-content/uploads/product/4797353655-407x596.jpg
少額から始めたい！小心者のための投資入門,"
池上 秀司(著者)
", 2008年4月21日（月）,一般書籍・投資・資産運用,https://www.sbcr.jp/wp-content/uploads/product/4797346398-409x596.jpg
65歳までに1億貯める人生設計術,"
金子 一広(著者)
横山 俊二(監修)
", 2008年2月28日（木）,一般書籍・投資・資産運用,https://www.sbcr.jp/wp-content/uploads/product/4797345612-407x596.jpg
入っていい生命保険、いけない生命保険,"
池上 秀司(著者)
", 2007年9月26日（水）,一般書籍・投資・資産運用,https://www.sbcr.jp/wp-content/uploads/product/4797344035-409x596.jpg
住宅ローンの（秘）新常識,"
池上 秀司(著者)
", 2007年5月14日（月）,一般書籍・投資・資産運用,https://www.sbcr.jp/wp-content/uploads/product/4797341515-424x596.jpg
空室ゼロの｢プレミアム物件｣を作り出す！勝ち組賃貸経営術,"
西村 哲(著者)
", 2006年12月21日（木）,一般書籍・投資・資産運用,https://www.sbcr.jp/wp-content/uploads/product/4797338717-1-407x596.jpg
美人の財布,"
藤沢久美(著者)
", 2006年10月30日（月）,一般書籍・投資・資産運用,https://www.sbcr.jp/wp-content/uploads/product/4797333480-1-404x596.jpg
伝説の証券マンが教える本当のチャート入門,"
吉見俊彦(著者)
", 2006年10月25日（水）,一般書籍・投資・資産運用,https://www.sbcr.jp/wp-content/themes/sbcr2019/resources/images/noimage/no_img_book.jpg
賢い大家さんだけが知っている！不動産経営の常識･裏ワザ･隠しワザ,"
広瀬智也(著者)
", 2006年3月29日（水）,一般書籍・投資・資産運用,https://www.sbcr.jp/wp-content/uploads/product/4797334592-402x596.jpg
マンガで学ぶ投資のツボ,"
前野晴男、フキコ・ヤマモト(著者)
前野晴男(監修)
", 2006年1月18日（水）,一般書籍・投資・資産運用,https://www.sbcr.jp/wp-content/uploads/product/4797332387-405x596.jpg
普通のサラリーマンでも絶対勝てる！　１日３万円稼ぐデイトレ実況中継,"
谷本達也(著者)
", 2005年11月30日（水）,一般書籍・投資・資産運用,https://www.sbcr.jp/wp-content/themes/sbcr2019/resources/images/noimage/no_img_book.jpg
女子大生トレーダー深田萌絵の小額取引で儲ける「日経２２５オプション」超入門,"
深田萌絵/山本潤(著者)
", 2005年9月29日（木）,一般書籍・投資・資産運用,https://www.sbcr.jp/wp-content/themes/sbcr2019/resources/images/noimage/no_img_book.jpg
女子大生トレーダー深田萌絵の株ビギナーでも儲かる「アノマリー投資」超入門,"
深田萌絵(著者)
松川行雄(監修)
", 2005年9月29日（木）,一般書籍・投資・資産運用,https://www.sbcr.jp/wp-content/themes/sbcr2019/resources/images/noimage/no_img_book.jpg
投資情報のカラクリ,"
山本一郎(著者)
", 2004年8月30日（月）,一般書籍・投資・資産運用,https://www.sbcr.jp/wp-content/themes/sbcr2019/resources/images/noimage/no_img_book.jpg
投資「４つの黄金則」,"
ウィリアム・バーンスタイン(著者)
渡会圭子(著者)
", 2003年9月1日（月）,一般書籍・投資・資産運用,https://www.sbcr.jp/wp-content/themes/sbcr2019/resources/images/noimage/no_img_book.jpg
プロが教える！ 年収３００万円で生き抜くマネー術,"
ライフマネジメント研究所(著者)
", 2003年8月25日（月）,一般書籍・投資・資産運用,https://www.sbcr.jp/wp-content/themes/sbcr2019/resources/images/noimage/no_img_book.jpg
人生を楽しむためのモトリー・フール流「お金の育て方」,"
デイビッド・ガードナー／トム・ガードナー(著者)
大野泰男(訳)
", 2003年4月21日（月）,一般書籍・投資・資産運用,https://www.sbcr.jp/wp-content/themes/sbcr2019/resources/images/noimage/no_img_book.jpg
